{
  "lora_rank_1": {
    "train_loss": 0.6120613217353821,
    "val_loss": 2.0479753017425537,
    "elapsed_s": 291.47528314590454,
    "trainable_params": 9216,
    "learning_curves": [
      [
        0,
        0.619674026966095,
        2.0810909271240234
      ],
      [
        100,
        0.6161453127861023,
        2.0573959350585938
      ],
      [
        200,
        0.6089385151863098,
        2.0659382343292236
      ],
      [
        300,
        0.6090033054351807,
        2.0607306957244873
      ],
      [
        400,
        0.6088722348213196,
        2.051924705505371
      ],
      [
        500,
        0.6104909181594849,
        2.0461723804473877
      ],
      [
        600,
        0.6108540892601013,
        2.0440192222595215
      ],
      [
        700,
        0.6061939001083374,
        2.053528070449829
      ],
      [
        800,
        0.6101958751678467,
        2.044067859649658
      ],
      [
        900,
        0.6102443933486938,
        2.058560371398926
      ],
      [
        1000,
        0.6109302043914795,
        2.0614736080169678
      ]
    ],
    "rank": 1,
    "method": "lora"
  },
  "lora_rank_2": {
    "train_loss": 0.6091174483299255,
    "val_loss": 2.050250291824341,
    "elapsed_s": 314.7610092163086,
    "trainable_params": 18432,
    "learning_curves": [
      [
        0,
        0.6162598729133606,
        2.0553131103515625
      ],
      [
        100,
        0.6088730096817017,
        2.0477230548858643
      ],
      [
        200,
        0.6145824193954468,
        2.0595710277557373
      ],
      [
        300,
        0.605983555316925,
        2.038226366043091
      ],
      [
        400,
        0.6054956912994385,
        2.0506772994995117
      ],
      [
        500,
        0.6061725616455078,
        2.052306890487671
      ],
      [
        600,
        0.6107029914855957,
        2.0531599521636963
      ],
      [
        700,
        0.6090633869171143,
        2.0617339611053467
      ],
      [
        800,
        0.6105449199676514,
        2.0446431636810303
      ],
      [
        900,
        0.6082342267036438,
        2.058608293533325
      ],
      [
        1000,
        0.6102344393730164,
        2.034072160720825
      ]
    ],
    "rank": 2,
    "method": "lora"
  },
  "lora_rank_4": {
    "train_loss": 0.6052669286727905,
    "val_loss": 2.045386552810669,
    "elapsed_s": 315.15030336380005,
    "trainable_params": 36864,
    "learning_curves": [
      [
        0,
        0.6155879497528076,
        2.055016279220581
      ],
      [
        100,
        0.6083084344863892,
        2.0584206581115723
      ],
      [
        200,
        0.6128383874893188,
        2.0649619102478027
      ],
      [
        300,
        0.6091645359992981,
        2.0570640563964844
      ],
      [
        400,
        0.6076945662498474,
        2.0421953201293945
      ],
      [
        500,
        0.6057283878326416,
        2.04701566696167
      ],
      [
        600,
        0.6077184081077576,
        2.054378032684326
      ],
      [
        700,
        0.6046303510665894,
        2.0494697093963623
      ],
      [
        800,
        0.6056627035140991,
        2.0662691593170166
      ],
      [
        900,
        0.6085168719291687,
        2.0402536392211914
      ],
      [
        1000,
        0.607886016368866,
        2.0646750926971436
      ]
    ],
    "rank": 4,
    "method": "lora"
  },
  "lora_rank_8": {
    "train_loss": 0.6048411726951599,
    "val_loss": 2.069981575012207,
    "elapsed_s": 316.16927003860474,
    "trainable_params": 73728,
    "learning_curves": [
      [
        0,
        0.6171111464500427,
        2.0441458225250244
      ],
      [
        100,
        0.6141619682312012,
        2.039200782775879
      ],
      [
        200,
        0.6131818890571594,
        2.050675392150879
      ],
      [
        300,
        0.6085491180419922,
        2.064446210861206
      ],
      [
        400,
        0.610410749912262,
        2.048762083053589
      ],
      [
        500,
        0.6069431900978088,
        2.055306911468506
      ],
      [
        600,
        0.6049478054046631,
        2.0433826446533203
      ],
      [
        700,
        0.6065714359283447,
        2.063570499420166
      ],
      [
        800,
        0.60410076379776,
        2.0541040897369385
      ],
      [
        900,
        0.6063153743743896,
        2.049546003341675
      ],
      [
        1000,
        0.6072280406951904,
        2.063866376876831
      ]
    ],
    "rank": 8,
    "method": "lora"
  },
  "lora_rank_16": {
    "train_loss": 0.6020743250846863,
    "val_loss": 2.054293632507324,
    "elapsed_s": 317.9453513622284,
    "trainable_params": 147456,
    "learning_curves": [
      [
        0,
        0.6169602870941162,
        2.0626118183135986
      ],
      [
        100,
        0.6058820486068726,
        2.0438971519470215
      ],
      [
        200,
        0.6084949374198914,
        2.0444955825805664
      ],
      [
        300,
        0.6038925051689148,
        2.0512137413024902
      ],
      [
        400,
        0.6067653894424438,
        2.0605854988098145
      ],
      [
        500,
        0.6072601079940796,
        2.061387300491333
      ],
      [
        600,
        0.6051713824272156,
        2.052712917327881
      ],
      [
        700,
        0.605435848236084,
        2.0568301677703857
      ],
      [
        800,
        0.6026483774185181,
        2.0484721660614014
      ],
      [
        900,
        0.6030401587486267,
        2.0643978118896484
      ],
      [
        1000,
        0.6050480604171753,
        2.0527820587158203
      ]
    ],
    "rank": 16,
    "method": "lora"
  },
  "full_finetune": {
    "train_loss": 0.4959089159965515,
    "val_loss": 2.205275774002075,
    "elapsed_s": 349.58088207244873,
    "trainable_params": 10745088,
    "learning_curves": [
      [
        0,
        0.6149558424949646,
        2.0561978816986084
      ],
      [
        100,
        0.7616438269615173,
        2.0011959075927734
      ],
      [
        200,
        0.7505072951316833,
        1.9601572751998901
      ],
      [
        300,
        0.7182061076164246,
        1.980118989944458
      ],
      [
        400,
        0.6780700087547302,
        2.033095121383667
      ],
      [
        500,
        0.6342159509658813,
        2.054429769515991
      ],
      [
        600,
        0.5928913950920105,
        2.097933292388916
      ],
      [
        700,
        0.5583570599555969,
        2.130370855331421
      ],
      [
        800,
        0.5263559818267822,
        2.152217388153076
      ],
      [
        900,
        0.51174396276474,
        2.190565586090088
      ],
      [
        1000,
        0.5016821622848511,
        2.2060978412628174
      ]
    ],
    "rank": null,
    "method": "full_finetune"
  },
  "pretrained_val_loss": 2.04
}