{
  "XS_10": {
    "model": "XS",
    "frac": 0.1,
    "n_layer": 2,
    "n_head": 2,
    "n_embd": 64,
    "param_count": 119168,
    "total_tokens": 5000000,
    "max_iters": 610,
    "batch_size": 32,
    "block_size": 256,
    "flops": 3575040000000,
    "train_loss": 2.201,
    "val_loss": 2.5307,
    "elapsed_s": 377.77462577819824,
    "learning_curves": [
      [
        0,
        4.19,
        4.1903
      ],
      [
        50,
        3.3422,
        3.381
      ],
      [
        100,
        2.6763,
        2.7738
      ],
      [
        150,
        2.4823,
        2.6322
      ],
      [
        200,
        2.4048,
        2.5906
      ],
      [
        250,
        2.3615,
        2.563
      ],
      [
        300,
        2.327,
        2.5752
      ],
      [
        350,
        2.3024,
        2.5645
      ],
      [
        400,
        2.286,
        2.5552
      ],
      [
        450,
        2.251,
        2.5406
      ],
      [
        500,
        2.2275,
        2.5387
      ],
      [
        550,
        2.2155,
        2.5299
      ],
      [
        600,
        2.201,
        2.5307
      ]
    ],
    "error": false
  },
  "XS_25": {
    "model": "XS",
    "frac": 0.25,
    "n_layer": 2,
    "n_head": 2,
    "n_embd": 64,
    "param_count": 119168,
    "total_tokens": 5000000,
    "max_iters": 610,
    "batch_size": 32,
    "block_size": 256,
    "flops": 3575040000000,
    "train_loss": 2.277,
    "val_loss": 2.4231,
    "elapsed_s": 382.0010600090027,
    "learning_curves": [
      [
        0,
        4.1905,
        4.1903
      ],
      [
        50,
        3.358,
        3.3802
      ],
      [
        100,
        2.7178,
        2.765
      ],
      [
        150,
        2.5265,
        2.5982
      ],
      [
        200,
        2.4662,
        2.5594
      ],
      [
        250,
        2.4235,
        2.5048
      ],
      [
        300,
        2.3903,
        2.495
      ],
      [
        350,
        2.3631,
        2.4742
      ],
      [
        400,
        2.3462,
        2.4756
      ],
      [
        450,
        2.3194,
        2.4433
      ],
      [
        500,
        2.3055,
        2.4413
      ],
      [
        550,
        2.2933,
        2.4264
      ],
      [
        600,
        2.277,
        2.4231
      ]
    ],
    "error": false
  },
  "XS_50": {
    "model": "XS",
    "frac": 0.5,
    "n_layer": 2,
    "n_head": 2,
    "n_embd": 64,
    "param_count": 119168,
    "total_tokens": 5000000,
    "max_iters": 610,
    "batch_size": 32,
    "block_size": 256,
    "flops": 3575040000000,
    "train_loss": 2.3279,
    "val_loss": 2.3998,
    "elapsed_s": 382.15427136421204,
    "learning_curves": [
      [
        0,
        4.191,
        4.1903
      ],
      [
        50,
        3.3648,
        3.3831
      ],
      [
        100,
        2.7401,
        2.7549
      ],
      [
        150,
        2.5568,
        2.5835
      ],
      [
        200,
        2.487,
        2.5231
      ],
      [
        250,
        2.4461,
        2.4825
      ],
      [
        300,
        2.4178,
        2.4727
      ],
      [
        350,
        2.3991,
        2.4441
      ],
      [
        400,
        2.3721,
        2.4395
      ],
      [
        450,
        2.3558,
        2.411
      ],
      [
        500,
        2.351,
        2.4107
      ],
      [
        550,
        2.3354,
        2.3975
      ],
      [
        600,
        2.3279,
        2.3998
      ]
    ],
    "error": false
  },
  "XS_100": {
    "model": "XS",
    "frac": 1.0,
    "n_layer": 2,
    "n_head": 2,
    "n_embd": 64,
    "param_count": 119168,
    "total_tokens": 5000000,
    "max_iters": 610,
    "batch_size": 32,
    "block_size": 256,
    "flops": 3575040000000,
    "train_loss": 2.3519,
    "val_loss": 2.3675,
    "elapsed_s": 382.532940864563,
    "learning_curves": [
      [
        0,
        4.1904,
        4.1903
      ],
      [
        50,
        3.3673,
        3.3846
      ],
      [
        100,
        2.74,
        2.7531
      ],
      [
        150,
        2.5632,
        2.5643
      ],
      [
        200,
        2.5041,
        2.5061
      ],
      [
        250,
        2.4625,
        2.4647
      ],
      [
        300,
        2.4407,
        2.4496
      ],
      [
        350,
        2.4177,
        2.421
      ],
      [
        400,
        2.3948,
        2.4074
      ],
      [
        450,
        2.3858,
        2.3898
      ],
      [
        500,
        2.3697,
        2.3853
      ],
      [
        550,
        2.3642,
        2.3716
      ],
      [
        600,
        2.3519,
        2.3675
      ]
    ],
    "error": false
  },
  "S_10": {
    "model": "S",
    "frac": 0.1,
    "n_layer": 4,
    "n_head": 4,
    "n_embd": 128,
    "param_count": 828672,
    "total_tokens": 5000000,
    "max_iters": 610,
    "batch_size": 32,
    "block_size": 256,
    "flops": 24860160000000,
    "train_loss": 1.4893,
    "val_loss": 2.1976,
    "elapsed_s": 1239.5330951213837,
    "learning_curves": [
      [
        0,
        4.1914,
        4.1901
      ],
      [
        50,
        2.7438,
        2.8505
      ],
      [
        100,
        2.4162,
        2.6036
      ],
      [
        150,
        2.3077,
        2.5624
      ],
      [
        200,
        2.1912,
        2.4969
      ],
      [
        250,
        2.0695,
        2.4327
      ],
      [
        300,
        1.9314,
        2.3628
      ],
      [
        350,
        1.8047,
        2.3015
      ],
      [
        400,
        1.7036,
        2.2549
      ],
      [
        450,
        1.6319,
        2.2347
      ],
      [
        500,
        1.5687,
        2.2242
      ],
      [
        550,
        1.5303,
        2.2146
      ],
      [
        600,
        1.4893,
        2.1976
      ]
    ],
    "error": false
  },
  "S_25": {
    "model": "S",
    "frac": 0.25,
    "n_layer": 4,
    "n_head": 4,
    "n_embd": 128,
    "param_count": 828672,
    "total_tokens": 5000000,
    "max_iters": 610,
    "batch_size": 32,
    "block_size": 256,
    "flops": 24860160000000,
    "train_loss": 1.577,
    "val_loss": 2.0438,
    "elapsed_s": 1241.1068665981293,
    "learning_curves": [
      [
        0,
        4.1915,
        4.1901
      ],
      [
        50,
        2.7808,
        2.837
      ],
      [
        100,
        2.4698,
        2.5587
      ],
      [
        150,
        2.3551,
        2.4929
      ],
      [
        200,
        2.2616,
        2.4242
      ],
      [
        250,
        2.1387,
        2.3823
      ],
      [
        300,
        2.0078,
        2.2892
      ],
      [
        350,
        1.8915,
        2.2183
      ],
      [
        400,
        1.7857,
        2.151
      ],
      [
        450,
        1.709,
        2.106
      ],
      [
        500,
        1.6554,
        2.0832
      ],
      [
        550,
        1.6077,
        2.0634
      ],
      [
        600,
        1.577,
        2.0438
      ]
    ],
    "error": false
  },
  "S_50": {
    "model": "S",
    "frac": 0.5,
    "n_layer": 4,
    "n_head": 4,
    "n_embd": 128,
    "param_count": 828672,
    "total_tokens": 5000000,
    "max_iters": 610,
    "batch_size": 32,
    "block_size": 256,
    "flops": 24860160000000,
    "train_loss": 1.6469,
    "val_loss": 1.9516,
    "elapsed_s": 1237.5762000083923,