{
  "XS_10": {
    "model": "XS",
    "frac": 0.1,
    "n_layer": 2,
    "n_head": 2,
    "n_embd": 64,
    "param_count": 119168,
    "total_tokens": 20000000,
    "max_iters": 2441,
    "batch_size": 32,
    "block_size": 256,
    "flops": 14300160000000,
    "train_loss": 1.512,
    "val_loss": 2.2047,
    "elapsed_s": 1504.6151177883148,
    "learning_curves": [
      [
        0,
        4.19,
        4.1903
      ],
      [
        122,
        2.5625,
        2.6767
      ],
      [
        244,
        2.3733,
        2.5813
      ],
      [
        366,
        2.2862,
        2.5761
      ],
      [
        488,
        2.1937,
        2.5376
      ],
      [
        610,
        2.1103,
        2.4803
      ],
      [
        732,
        1.9884,
        2.3725
      ],
      [
        854,
        1.9013,
        2.3236
      ],
      [
        976,
        1.8463,
        2.3031
      ],
      [
        1098,
        1.7605,
        2.2651
      ],
      [
        1220,
        1.7075,
        2.2466
      ],
      [
        1342,
        1.6695,
        2.2275
      ],
      [
        1464,
        1.643,
        2.2286
      ],
      [
        1586,
        1.6123,
        2.223
      ],
      [
        1708,
        1.5934,
        2.2104
      ],
      [
        1830,
        1.5818,
        2.2073
      ],
      [
        1952,
        1.557,
        2.2075
      ],
      [
        2074,
        1.5446,
        2.1961
      ],
      [
        2196,
        1.5423,
        2.2088
      ],
      [
        2318,
        1.5249,
        2.205
      ],
      [
        2440,
        1.512,
        2.2047
      ]
    ],
    "error": false
  },
  "XS_25": {
    "model": "XS",
    "frac": 0.25,
    "n_layer": 2,
    "n_head": 2,
    "n_embd": 64,
    "param_count": 119168,
    "total_tokens": 20000000,
    "max_iters": 2441,
    "batch_size": 32,
    "block_size": 256,
    "flops": 14300160000000,
    "train_loss": 1.6036,
    "val_loss": 2.0752,
    "elapsed_s": 1497.356017589569,
    "learning_curves": [
      [
        0,
        4.1905,
        4.1903
      ],
      [
        122,
        2.5983,
        2.6533
      ],
      [
        244,
        2.4296,
        2.5152
      ],
      [
        366,
        2.3513,
        2.4726
      ],
      [
        488,
        2.2762,
        2.4407
      ],
      [
        610,
        2.1717,
        2.369
      ],
      [
        732,
        2.1035,
        2.3539
      ],
      [
        854,
        1.9882,
        2.2702
      ],
      [
        976,
        1.8799,
        2.1963
      ],
      [
        1098,
        1.8343,
        2.1775
      ],
      [
        1220,
        1.7844,
        2.1536
      ],
      [
        1342,
        1.7524,
        2.1334
      ],
      [
        1464,
        1.7243,
        2.1257
      ],
      [
        1586,
        1.7032,
        2.1267
      ],
      [
        1708,
        1.6809,
        2.1079
      ],
      [
        1830,
        1.6626,
        2.0922
      ],
      [
        1952,
        1.6504,
        2.087
      ],
      [
        2074,
        1.6394,
        2.0734
      ],
      [
        2196,
        1.6314,
        2.0815
      ],
      [
        2318,
        1.6253,
        2.0764
      ],
      [
        2440,
        1.6036,
        2.0752
      ]
    ],
    "error": false
  },
  "XS_50": {
    "model": "XS",
    "frac": 0.5,
    "error": true,
    "stderr": "C:\\Users\\Kev\\miniconda3\\envs\\nanoGPT\\python.exe: can't open file 'C:\\Users\\Kev\\nanoGPT\\train.py': [Errno 2] No such file or directory"
  },
  "XS_100": {
    "model": "XS",
    "frac": 1.0,
    "error": true,
    "stderr": "C:\\Users\\Kev\\miniconda3\\envs\\nanoGPT\\python.exe: can't open file 'C:\\Users\\Kev\\nanoGPT\\train.py': [Errno 2] No such file or directory"
  },
  "S_10": {
    "model": "S",
    "frac": 0.1,
    "error": true,
    "stderr": "C:\\Users\\Kev\\miniconda3\\envs\\nanoGPT\\python.exe: can't open file 'C:\\Users\\Kev\\nanoGPT\\train.py': [Errno 2] No such file or directory"
  },
  "S_25": {
    "model": "S",
    "frac": 0.25,
    "error": true,
    "stderr": "C:\\Users\\Kev\\miniconda3\\envs\\nanoGPT\\python.exe: can't open file 'C:\\Users\\Kev\\nanoGPT\\train.py': [Errno 2] No such file or directory"
  },
  "S_50": {
    "model": "S",
    "frac": 0.5,
    "error": true,
    "stderr": "C:\\Users\\Kev\\miniconda3\\envs\\nanoGPT\\python.exe: can't open file 'C:\\Users\\Kev\\nanoGPT\\train.py': [Errno 2] No such file or directory"
  },
  "S_100": {
    "model": "S",
    "frac": 1.0,
    "error": true,
    "stderr": "C:\\Users\\Kev\\miniconda3\\envs\\nanoGPT\\python.exe: can't open file 'C:\\Users\\Kev\\nanoGPT\\train.py': [Errno 2] No such file or directory"
  },
  "M_10": {
    "model": "M",
    "frac": 0.1,
    "error": true,
    "stderr": "C:\\Users\\Kev\\miniconda3\\envs\\nanoGPT\\python.exe: can't open file 'C:\\Users\\Kev\\nanoGPT\\train.py': [Errno 2] No such file or directory"
  },
  "M_25": {
    "model": "M",
    "frac": 0.25,
    "error": true,
    "stderr": "C:\\Users\\Kev\\miniconda3\\envs\\nanoGPT\\python.exe: can't open file 'C:\\Users\\Kev\\nanoGPT\\train.py': [Errno 2] No such file or directory"
  },
  "M_50": {
    "model": "M",
    "frac": 0.5,
    "error": true,
    "stderr": "C:\\Users\\Kev\\miniconda3\\envs\\nanoGPT\\python.exe: can't open file 'C:\\Users\\Kev\\nanoGPT\\train.py': [Errno 2] No such file or directory"
  },
  "M_100": {
    "model": "M",
    "frac": 1.0,
    "error": true,
    "stderr": "C:\\Users\\Kev\\miniconda3\\envs\\nanoGPT\\python.exe: can't open file 'C:\\Users\\Kev\\nanoGPT\\train.py': [Errno 2] No such file or directory"
  },
  "L_10": {
    "model": "L",
    "frac": 0.1,
    "error": true,
    "stderr": "C:\\Users\\Kev\\miniconda3\\envs\\nanoGPT\\python.exe: can't open file 'C:\\Users\\Kev\\nanoGPT\\train.py': [Errno 2] No such file or directory"
  },
  "L_25": {
    "model": "L",
    "frac": 0.25,
    "error": true,
    "stderr": "C:\\Users\\Kev\\miniconda3\\envs\\nanoGPT\\python.exe: can't open file 'C:\\Users\\Kev\\nanoGPT\\train.py': [Errno 2] No such file or directory"
  },
  "L_50": {
    "model": "L",
    "frac": 0.5,
    "error": true,
    "stderr": "C:\\Users\\Kev\\miniconda3\\envs\\nanoGPT\\python.exe: can't open file 'C:\\Users\\Kev\\nanoGPT\\train.py': [Errno 2] No such file or directory"
  },
  "L_100": {
    "model": "L",
    "frac": 1.0,
    "error": true,
    "stderr": "C:\\Users\\Kev\\miniconda3\\envs\\nanoGPT\\python.exe: can't open file 'C:\\Users\\Kev\\nanoGPT\\train.py': [Errno 2] No such file or directory"
  }
}