{
  "XS_10": {
    "model": "XS",
    "frac": 0.1,
    "n_layer": 2,
    "n_head": 2,
    "n_embd": 64,
    "param_count": 119168,
    "total_tokens": 20000000,
    "max_iters": 2441,
    "batch_size": 32,
    "block_size": 256,
    "flops": 14300160000000,
    "train_loss": 1.512,
    "val_loss": 2.2047,
    "elapsed_s": 1504.6151177883148,
    "learning_curves": [
      [
        0,
        4.19,
        4.1903
      ],
      [
        122,
        2.5625,
        2.6767
      ],
      [
        244,
        2.3733,
        2.5813
      ],
      [
        366,
        2.2862,
        2.5761
      ],
      [
        488,
        2.1937,
        2.5376
      ],
      [
        610,
        2.1103,
        2.4803
      ],
      [
        732,
        1.9884,
        2.3725
      ],
      [
        854,
        1.9013,
        2.3236
      ],
      [
        976,
        1.8463,
        2.3031
      ],
      [
        1098,
        1.7605,
        2.2651
      ],
      [
        1220,
        1.7075,
        2.2466
      ],
      [
        1342,
        1.6695,
        2.2275
      ],
      [
        1464,
        1.643,
        2.2286
      ],
      [
        1586,
        1.6123,
        2.223
      ],
      [
        1708,
        1.5934,
        2.2104
      ],
      [
        1830,
        1.5818,
        2.2073
      ],
      [
        1952,
        1.557,
        2.2075
      ],
      [
        2074,
        1.5446,
        2.1961
      ],
      [
        2196,
        1.5423,
        2.2088
      ],
      [
        2318,
        1.5249,
        2.205
      ],
      [
        2440,
        1.512,
        2.2047
      ]
    ],
    "error": false
  },
  "XS_25": {
    "model": "XS",
    "frac": 0.25,
    "n_layer": 2,
    "n_head": 2,
    "n_embd": 64,
    "param_count": 119168,
    "total_tokens": 20000000,
    "max_iters": 2441,
    "batch_size": 32,
    "block_size": 256,
    "flops": 14300160000000,
    "train_loss": 1.6036,
    "val_loss": 2.0752,
    "elapsed_s": 1497.356017589569,
    "learning_curves": [
      [
        0,
        4.1905,
        4.1903
      ],
      [
        122,
        2.5983,
        2.6533
      ],
      [
        244,
        2.4296,
        2.5152
      ],
      [
        366,
        2.3513,
        2.4726
      ],
      [
        488,
        2.2762,
        2.4407
      ],
      [
        610,
        2.1717,
        2.369
      ],
      [
        732,
        2.1035,
        2.3539
      ],
      [
        854,
        1.9882,
        2.2702
      ],
      [
        976,
        1.8799,
        2.1963
      ],
      [
        1098,
        1.8343,
        2.1775
      ],
      [
        1220,
        1.7844,
        2.1536
      ],
      [
        1342,
        1.7524,
        2.1334
      ],
      [
        1464,
        1.7243,
        2.1257
      ],
      [
        1586,
        1.7032,
        2.1267
      ],
      [
        1708,
        1.6809,
        2.1079
      ],
      [
        1830,
        1.6626,
        2.0922
      ],
      [
        1952,
        1.6504,
        2.087
      ],
      [
        2074,
        1.6394,
        2.0734
      ],
      [
        2196,
        1.6314,
        2.0815
      ],
      [
        2318,
        1.6253,
        2.0764
      ],
      [
        2440,
        1.6036,
        2.0752
      ]
    ],
    "error": false
  },
  "XS_50": {
    "model": "XS",
    "frac": 0.5,
    "n_layer": 2,
    "n_head": 2,
    "n_embd": 64,
    "param_count": 119168,
    "total_tokens": 20000000,
    "max_iters": 2441,
    "batch_size": 32,
    "block_size": 256,
    "flops": 14300160000000,
    "train_loss": 1.685,
    "val_loss": 2.0159,
    "elapsed_s": 1503.3719623088837,
    "learning_curves": [
      [
        0,
        4.191,
        4.1903
      ],
      [
        122,
        2.6279,
        2.6498
      ],
      [
        244,
        2.4456,
        2.4952
      ],
      [
        366,
        2.3784,
        2.4312
      ],
      [
        488,
        2.3166,
        2.3944
      ],
      [
        610,
        2.235,
        2.3343
      ],
      [
        732,
        2.1925,
        2.3089
      ],
      [
        854,
        2.0851,
        2.2333
      ],
      [
        976,
        2.0148,
        2.1882
      ],
      [
        1098,
        1.9463,
        2.1578
      ],
      [
        1220,
        1.8766,
        2.1117
      ],
      [
        1342,
        1.8481,
        2.0942
      ],
      [
        1464,
        1.8029,
        2.0711
      ],
      [
        1586,
        1.7895,
        2.0735
      ],
      [
        1708,
        1.7717,
        2.0589
      ],
      [
        1830,
        1.7486,
        2.0378
      ],
      [
        1952,
        1.7233,
        2.0336
      ],
      [
        2074,
        1.7149,
        2.0174
      ],
      [
        2196,
        1.6992,
        2.0233
      ],
      [
        2318,
        1.6965,
        2.0215
      ],
      [
        2440,
        1.685,
        2.0159
      ]
    ],
    "error": false
  },
  "XS_100": {
    "model": "XS",
    "frac": 1.0,
    "n_layer": 2,
    "n_head": 2,
    "n_embd": 64,
    "param_count": 119168,
    "total_tokens": 20000000,
    "max_iters": 2441,
    "batch_size": 32,
    "block_size": 256,
    "flops": 14300160000000,
    "train_loss": 1.6963,
    "val_loss": 1.847,
    "elapsed_s": 1501.7532498836517,
    "learning_curves": [
      [
        0,
        4.1904,
        4.1903
      ],
      [
        122,
        2.6289,
        2.6345
      ],
      [
        244,
        2.4649,
        2.4771
      ],
      [
        366,
        2.3975,
        2.404
      ],
      [
        488,
        2.3407,
        2.357
      ],
      [
        610,
        2.2838,
        2.309
      ],
      [
        732,
        2.1785,
        2.2174
      ],
      [
        854,
        2.0733,
        2.1335
      ],
      [
        976,
        1.9837,
        2.0654
      ],
      [
        1098,
        1.9173,
        2.0264
      ],
      [
        1220,
        1.8875,
        1.9937
      ],
      [
        1342,
        1.841,
        1.9647
      ],
      [
        1464,
        1.8157,
        1.9402
      ],
      [
        1586,
        1.7829,
        1.9239
      ],
      [
        1708,
        1.7634,
        1.9082
      ],
      [
        1830,
        1.7486,
        1.88
      ],
      [
        1952,
        1.7239,
        1.8781
      ],
      [
        2074,
        1.7159,
        1.861
      ],
      [
        2196,
        1.7073,
        1.8629
      ],
      [
        2318,
        1.6992,
        1.8553
      ],
      [
        2440,
        1.6963,
        1.847
      ]
    ],
    "error": false
  },
  "S_10": {
    "model": "S",
    "frac": 0.1,
    "n_layer": 4,
    "n_head": 4,
    "n_embd": 128,
    "param_count": 828672,
    "total_tokens": 20000000,
    "max_iters": 2441,
    "batch_size": 32,
    "block_size": 256,
    "flops": 99440640000000,
    "train_loss": 0.075,
    "val_loss": 5.2851,
    "elapsed_s": 4963.391769886017,